freq,unit,na_item,geo\TIME_PERIOD	1990 	1991 	1992 	1993 	1994 	1995 	1996 	1997 	1998 	1999 	2000 	2001 	2002 	2003 	2004 	2005 	2006 	2007 	2008 	2009 	2010 	2011 	2012 	2013 	2014 	2015 	2016 	2017 	2018 	2019 	2020 	2021 	2022 
A,CLV10_MEUR,B1GQ,AL	: 	: 	: 	: 	: 	4170.6 	4468.3 	3980.2 	4331.6 	4890.0 	5229.7 	5663.4 	5920.3 	6247.6 	6592.2 	6956.5 	7367.1 	7807.9 	8393.5 d	8675.0 	8996.6 	9225.6 	9356.4 	9450.1 d	9617.8 	9831.2 	10157.1 	10543.3 	10967.1 	11196.0 	10806.2 p	: 	: 
A,CLV10_MEUR,B1GQ,AT	: 	: 	: 	: 	: 	219275.7 	224427.7 	229126.3 	237332.3 	245772.6 	254069.2 	257288.7 	261538.0 	264000.3 	271221.0 	277307.4 	286885.7 	297579.1 	301925.0 	290558.8 	295896.6 	304545.1 	306617.4 	306695.6 	308723.7 	311855.7 	318059.8 	325243.4 	333131.9 	338186.8 	316360.3 	330776.4 	347076.9 
A,CLV10_MEUR,B1GQ,BA	: 	: 	: 	: 	: 	: 	: 	: 	: 	: 	9127.4 	9348.6 	9818.6 	10198.3 	10843.4 	11266.0 	11875.9 	12571.7 	13255.9 	12857.6 	12968.9 	13093.3 	12985.7 	13290.9 	13444.2 	14024.3 	14479.0 	14948.7 	15521.1 	15969.0 	15487.6 	16632.3 	17280.5 
A,CLV10_MEUR,B1GQ,BE	: 	: 	: 	: 	: 	266098.1 	269614.4 	279842.7 	285332.7 	295441.3 	306421.9 	309791.3 	315079.1 	318349.6 	329718.5 	337373.7 	345984.7 	358706.1 	360309.3 	353028.3 	363140.1 	369293.6 	372023.4 	373731.9 	379631.4 	387381.4 	392288.3 	398641.8 	405789.2 	414966.4 	392713.5 p	417399.2 p	430955.6 p
A,CLV10_MEUR,B1GQ,BG	: 	: 	: 	: 	: 	27228.4 	28645.8 	24602.3 	25534.5 	23390.6 	24463.6 	25399.0 	26890.4 	28298.7 	30141.1 	32268.0 	34463.0 	36756.3 	39009.3 	37703.6 	38284.9 	39089.4 	39384.5 	39163.7 	39542.4 	40897.9 	42141.2 	43305.2 	44467.8 	46263.5 	44432.1 	47824.3 	49431.8 p
A,CLV10_MEUR,B1GQ,CH	334589.0 	331524.8 	331379.8 	330962.3 	335164.8 	336776.5 	338363.6 	346015.1 	356499.3 	362426.8 	376774.2 	382710.9 	382430.7 	382306.8 	392635.6 	403431.9 	419866.3 	436309.8 	448561.3 	438256.2 	452470.6 	460674.3 	466106.9 	474460.2 	485609.4 	493595.9 	503806.9 	510672.7 	525280.3 	531278.9 	518658.0 	540554.3 	551685.5 
A,CLV10_MEUR,B1GQ,CY	: 	: 	: 	: 	: 	11386.8 	11528.9 	11833.4 	12556.5 	13184.1 	13970.6 	14522.8 	15063.4 	15458.6 	16235.6 	17023.5 	17826.0 	18734.7 	19418.0 	19026.6 	19461.1 	19542.2 	18868.5 	17625.6 	17312.5 	17904.4 	19081.4 	20175.4 	21313.8 	22493.7 	21511.6 	22937.9 	24229.9 p
A,CLV10_MEUR,B1GQ,CZ	: 	: 	: 	: 	: 	105831.3 	110345.4 	109773.5 	109382.0 	110896.0 	115333.0 	118842.6 	120708.2 	125034.0 	131053.5 	139705.2 	149158.9 	157467.6 	161697.8 	154167.0 	157920.8 	160700.8 	159439.3 	159366.1 	162971.1 	171752.6 	176110.5 	185213.1 	191177.2 	196969.6 	186130.4 	192743.1 	197486.4 
A,CLV10_MEUR,B1GQ,DE	: 	2044382.0 	2083697.0 	2063342.4 	2112695.3 	2145318.4 	2162605.9 	2201363.3 	2245697.2 	2288079.4 	2354719.8 	2394313.7 	2389573.6 	2372843.7 	2400726.8 	2418293.0 	2510585.8 	2585312.3 	2610128.1 	2461511.7 	2564400.0 	2665057.6 	2676210.8 	2687921.7 	2747312.5 	2788300.5 	2850479.6 	2926879.1 	2955598.6 	2986827.5 p	2876410.8 p	2951973.8 p	3005509.1 p
A,CLV10_MEUR,B1GQ,DK	173032.5 	175444.0 	178877.4 	178896.5 	188436.1 	194141.2 	199771.5 	206285.8 	210861.5 	217077.8 	225211.4 	227065.2 	228124.1 	229014.0 	235124.6 	240618.6 	250034.0 	252307.4 	251015.5 	238699.3 	243165.4 	246416.0 	246974.1 	249279.2 	253316.0 	259250.2 	267665.3 	275218.1 	280693.7 	284885.8 	279203.5 	292760.8 	303941.4 
A,CLV10_MEUR,B1GQ,EA	: 	: 	: 	: 	: 	7119752.9 	7231391.8 	7416082.5 	7634667.7 	7858774.4 	8158474.4 	8526575.6 	8599611.7 	8649331.7 	8842452.8 	8983095.2 	9266021.7 	9570723.8 	9633579.9 	9273220.7 	9472824.1 	9645999.4 	9558702.5 	9534762.8 	9687053.5 	9916751.0 	10101601.7 	10365987.5 	10550718.2 	10717729.7 	10070152.1 	10601981.6 	10966674.9 
A,CLV10_MEUR,B1GQ,EA12	: 	: 	: 	: 	: 	7278625.1 	7394457.7 	7586031.5 	7811097.3 	8040598.3 	8347410.2 	8526575.6 	8599611.7 	8649331.7 	8842452.8 	8983095.2 	9266021.7 	9533196.2 	9568806.6 	9147410.9 	9341418.3 	9496518.7 	9409103.8 	9385675.3 	9513634.0 	9702266.4 	9881034.4 	10135793.5 	10310512.0 	10468750.6 	9828132.1 	10344611.1 	10702414.6 
A,CLV10_MEUR,B1GQ,EA19	: 	: 	: 	: 	: 	7394356.6 	7513834.2 	7711166.5 	7941467.3 	8174166.9 	8486347.7 	8670520.0 	8749156.2 	8805685.4 	9006228.9 	9155958.7 	9450755.0 	9733051.5 	9773273.5 	9333978.2 	9533536.5 	9694125.4 	9609410.8 	9587071.9 	9720317.4 	9916751.0 	10101601.7 	10365987.5 	10550718.2 	10717729.7 	10070152.1 	10601981.6 	10966674.9 
A,CLV10_MEUR,B1GQ,EA20	: 	: 	: 	: 	: 	7425703.0 	7546687.2 	7745738.4 	7976874.7 	8209534.5 	8522831.9 	8708065.3 	8788546.7 	8846970.2 	9049120.0 	9200551.9 	9497462.8 	9782006.0 	9823160.9 	9380294.4 	9579300.2 	9739849.4 	9654078.2 	9631563.4 	9764647.1 	9962187.4 	10148608.3 	10414576.0 	10600643.0 	10769326.8 	10117392.7 	10655176.5 	11023095.5 
A,CLV10_MEUR,B1GQ,EE	: 	: 	: 	: 	: 	7783.2 	8168.0 	9233.9 	9634.6 	9593.7 	10561.4 	11195.5 	11953.6 	12862.1 	13737.2 	15045.9 	16515.2 	17766.9 	16855.1 	14389.4 	14741.1 	15811.8 	16322.2 	16560.2 	17058.9 	17375.0 	17923.3 	18961.4 	19679.0 	20414.9 	20302.4 	21929.4 	21647.0 
A,CLV10_MEUR,B1GQ,EL	: 	: 	: 	: 	: 	157435.3 	161941.3 	169203.0 	175793.3 	181194.8 	188297.2 	196076.9 	203768.7 	215576.2 	226486.5 	227843.5 	240722.2 	248602.8 	247769.5 	237113.6 	224124.0 b	201377.0 	187106.0 	182398.4 	183266.1 	182906.7 	182015.6 	184003.5 	187073.5 	190598.6 	173437.0 p	188065.4 p	199187.1 p
A,CLV10_MEUR,B1GQ,ES	: 	: 	: 	: 	: 	711968.9 	730911.2 	757973.2 	791271.7 	826804.2 	870177.9 	904402.0 	929100.7 	956805.9 	986684.4 	1022719.0 	1064677.9 	1103056.8 	1112841.6 	1070964.2 	1072709.0 	1063973.0 	1032490.9 	1018001.5 	1032210.5 	1071832.1 	1104392.0 	1137256.0 	1163236.3 	1186314.5 	1051959.2 p	1110023.1 p	1170538.6 p
A,CLV10_MEUR,B1GQ,EU15	: 	: 	: 	: 	: 	9047854.2 	9206021.3 	9480121.2 	9776188.6 	10073515.5 	10454902.6 	10686302.3 	10808195.3 	10932470.9 	11185354.0 	11397336.2 	11753280.9 	12077961.5 	12103278.4 	11575104.6 	11831454.4 	12025661.7 	11963575.2 	11992140.3 	12191855.7 	12453099.3 	12684094.8 	12992917.9 	13208367.1 	13409289.9 	: 	: 	: 
A,CLV10_MEUR,B1GQ,EU27_2020	: 	: 	: 	: 	: 	8358666.1 	8505946.2 	8732113.8 	8994416.5 	9259747.6 	9617578.7 	9822761.4 	9926285.4 	10011712.6 	10264759.6 	10457471.2 	10819409.0 	11158294.5 	11229656.7 	10746632.6 	10980484.9 	11185603.7 	11104323.8 	11094200.4 	11270466.8 	11527820.1 	11755740.9 	12089001.2 	12338691.6 	12561794.7 	11857485.4 	12498645.2 	12938805.2 
A,CLV10_MEUR,B1GQ,EU28	: 	: 	: 	: 	: 	9683873.1 	9864346.3 	10159496.3 	10476674.0 	10791942.4 	11202211.5 	11453638.1 	11597764.4 	11749279.6 	12041382.1 	12290136.9 	12698941.2 	13079468.6 	13142240.6 	12580707.2 	12852660.3 	13081662.6 	13027369.5 	13061858.2 	13295012.3 	13600330.9 	13863061.7 	14231410.1 	14507664.5 	14760358.3 	: 	: 	: 
A,CLV10_MEUR,B1GQ,FI	125598.4 	118205.3 	114310.8 	113554.1 	118054.3 	123032.5 	127544.3 	135622.7 	143023.9 	149287.7 	157906.6 	162028.0 	164794.1 	168096.2 	174806.8 	179666.1 	186902.0 	196806.6 	198349.5 	182333.9 	188143.0 	192936.3 	190239.9 	188524.5 	187836.6 	188857.7 	194167.4 	200366.0 	202649.6 	205131.6 	200300.8 	206402.9 	210703.9 
A,CLV10_MEUR,B1GQ,FR	1430101.4 	1445091.3 	1468203.3 	1458973.2 	1493381.8 	1524841.8 	1546387.7 	1582515.9 	1639307.0 	1695393.8 	1761915.5 	1796867.0 	1817270.9 	1832230.0 	1884077.6 	1915413.9 	1962328.6 	2009909.9 	2015034.1 	1957135.9 	1995289.0 	2039039.7 	2045424.7 	2057213.0 	2076883.7 	2099997.6 	2123002.3 	2171649.2 	2212151.9 	2252921.3 	2083040.6 	2217088.7 p	2271512.8 p
A,CLV10_MEUR,B1GQ,HR	: 	: 	: 	: 	: 	30197.7 	32022.0 	34000.5 	34765.9 	34473.7 	35493.7 	36598.5 	38729.6 	40896.6 	42607.2 	44443.0 	46628.8 	48942.0 	49921.7 	46330.6 	45763.6 	45724.0 	44657.9 	44480.2 	44289.2 	45406.3 	47022.5 	48627.1 	49989.0 	51699.2 	47288.3 	53476.2 p	56803.4 p
A,CLV10_MEUR,B1GQ,HU	: 	: 	: 	: 	: 	69951.8 	70009.5 	72210.0 	75026.2 	77330.2 	80794.0 	84085.6 	88072.4 	91660.7 	96247.9 	100381.1 	104342.2 	104631.6 	105682.0 	98709.3 	99771.6 	101634.2 	100363.6 	102172.6 	106496.8 	110445.0 	112875.9 	117697.9 	124009.3 	130041.4 	124143.3 	133081.6 	139173.9 p
A,CLV10_MEUR,B1GQ,IE	: 	: 	: 	: 	: 	80756.2 	86715.7 	96273.2 	104712.7 	115738.8 	126622.3 	133340.7 	141206.9 	145463.0 	155337.7 	164253.4 	172446.1 	181603.2 	173460.0 	164620.9 	167391.4 	168787.2 	168777.8 	170677.7 	185440.2 	230632.8 	235260.9 	256446.9 	278315.5 	293458.5 	311607.5 	353949.5 	396315.8 
A,CLV10_MEUR,B1GQ,IS	: 	: 	: 	: 	: 	6194.6 	6477.6 	6851.4 	7355.9 	7652.7 	8034.2 	8356.6 	8403.4 	8583.4 	9253.1 	9819.8 	10440.2 	11322.9 	11573.0 	10686.1 	10383.4 	10575.0 	10687.5 	11174.1 	11362.6 	11866.7 	12614.8 	13143.9 	13786.6 	14035.4 	13019.0 	13583.2 	14458.6 
A,CLV10_MEUR,B1GQ,IT	: 	: 	: 	: 	: 	1410521.1 	1428389.4 	1454532.0 	1480867.9 	1504942.8 	1561934.3 	1592413.5 	1596457.3 	1598670.4 	1621429.0 	1634689.8 	1663961.2 	1688705.5 	1672460.0 	1584138.4 	1611279.4 	1622676.5 	1574306.1 	1545322.1 	1545251.8 	1557278.5 	1577421.4 	1603730.5 	1618578.0 	1626399.0 	1480362.6 	1583792.0 	1641991.4 
A,CLV10_MEUR,B1GQ,LT	: 	: 	: 	: 	: 	14597.7 	15350.7 	16626.4 	17869.4 	17665.4 	18318.2 	19513.7 	20831.2 	23032.2 	24545.3 	26443.2 	28403.7 	31558.7 	32383.7 	27578.4 	28033.8 	29726.8 	30869.5 	31965.3 	33096.0 	33766.0 	34616.5 	36099.0 	37540.6 	39276.8 	39268.2 	41616.7 	42402.4 
A,CLV10_MEUR,B1GQ,LU	: 	: 	: 	: 	: 	24026.0 	24361.9 	25682.2 	27396.4 	29636.1 	31692.3 	32666.6 	33720.3 	34603.5 	36067.9 	36963.4 	39187.4 	42361.1 	42233.9 	40866.0 	42402.7 	42845.5 	43552.4 	44933.8 	46112.5 	47159.1 	49506.8 	50158.9 	50770.5 	51948.3 	51534.1 	54163.6 	55002.4 p
A,CLV10_MEUR,B1GQ,LV	: 	: 	: 	: 	: 	9634.4 	9883.8 	10757.2 	11438.8 	11754.0 	12421.2 	13206.6 	14142.7 	15334.0 	16604.2 	18384.3 	20585.2 	22631.8 	21896.4 	18774.0 	17937.5 	18399.2 	19694.9 	20090.3 	20472.5 	21267.9 	21771.7 	22492.8 	23390.7 	23991.8 	23440.4 	24442.9 	25118.3 
A,CLV10_MEUR,B1GQ,ME	: 	: 	: 	: 	: 	: 	: 	: 	: 	: 	: 	: 	: 	: 	: 	: 	2819.5 	3011.5 	3229.0 	3041.9 	3125.1 	3226.0 	3138.1 	3249.5 	3307.5 	3419.6 	3520.4 	3686.5 	3873.7 	4031.1 	3414.0 	3859.3 	4094.5 p
A,CLV10_MEUR,B1GQ,MK	: 	: 	: 	: 	: 	: 	: 	: 	: 	: 	5302.8 	5140.1 	5216.9 	5332.8 	5582.1 	5845.8 	6146.1 	6544.0 	6902.0 	6877.3 	7108.3 	7274.6 	7241.4 	7453.2 	7723.8 	8021.6 	8250.0 	8339.3 	8579.5 	8915.0 	8497.0 	8831.1 p	9020.6 e
A,CLV10_MEUR,B1GQ,MT	: 	: 	: 	: 	: 	: 	: 	: 	: 	: 	5363.3 	5300.3 	5436.3 	5657.8 	5665.7 	5857.4 	6004.5 	6291.1 	6531.9 	6457.8 	6815.8 	6847.6 	7129.6 	7519.8 	8093.9 	8871.5 	9171.5 	10168.4 	10819.5 	11560.1 	10566.4 	11801.8 	12637.4 
A,CLV10_MEUR,B1GQ,NL	: 	: 	: 	: 	: 	451436.5 	467231.1 	487457.8 	510192.5 	535875.8 	558359.2 	571352.0 	572593.4 	573484.6 	584868.0 	596862.9 	617520.2 	640818.3 	654726.1 	630718.1 	639187.0 	649102.0 	642414.0 	641577.7 	650709.9 	663458.4 	677999.5 	697735.4 	714208.3 	728175.3 	699877.8 	733914.4 p	766780.9 p
A,CLV10_MEUR,B1GQ,NO	193680.5 	199654.5 	206791.1 	212674.6 	223425.9 	232710.7 	244411.3 	257327.4 	264194.6 	269668.9 	278619.0 	284378.5 	288295.9 	291020.1 	302703.4 	310831.3 	318482.4 	327763.0 	329342.6 	322952.1 	325493.9 	329092.8 	338037.4 	341472.5 	348466.3 	354938.5 	359072.5 	367919.2 	370969.0 	375137.7 	370342.8 	384780.3 	397390.8 
A,CLV10_MEUR,B1GQ,PL	: 	: 	: 	: 	: 	190628.0 	202285.8 	215331.2 	225323.9 	235812.5 	246567.8 	249670.9 	254753.8 	263666.3 	276804.3 	286511.4 	304077.8 	325550.3 	339223.3 	348830.8 	359067.8 	377172.5 	383000.6 	386281.2 	401102.9 	418684.3 	431050.2 	453206.2 	480150.2 	501517.0 	491385.9 	525463.6 	552442.4 
A,CLV10_MEUR,B1GQ,PT	: 	: 	: 	: 	: 	136712.2 	141502.9 	147730.3 	154833.1 	160881.8 	167021.3 	170267.6 	171580.3 	169983.7 	173024.2 	174377.0 	177210.7 	181652.6 	182232.6 	176543.1 	179610.8 	176564.3 	169400.6 	167837.6 	169167.2 	172198.7 	175676.3 	181836.1 	187017.2 	192034.4 	176094.6 	185784.6 p	198208.7 p
A,CLV10_MEUR,B1GQ,RO	: 	: 	: 	: 	: 	85776.1 	89128.0 	84806.1 	83084.7 	82771.8 	84809.0 	89234.5 	94323.5 	96531.7 	106598.2 	111574.3 	120532.4 	129251.5 	141281.6 	133486.5 	128278.9 	134073.4 	136654.3 	137023.2 	142669.4 	147178.5 	151384.2 	163792.4 	173667.5 	180359.2 	173726.5 	183790.9 p	192509.9 p
A,CLV10_MEUR,B1GQ,RS	: 	: 	: 	: 	: 	17624.5 	18728.5 	20078.4 	20749.2 	18793.7 	19946.1 	21318.2 	22678.4 	23673.4 	25810.7 	27238.1 	28629.4 	30473.0 	32196.4 	31316.9 	31545.8 	32188.2 	31968.8 	32893.6 	32370.7 	32955.4 	34055.6 	34771.2 	36334.2 	37908.1 	37565.7 	40401.9 	41311.5 p
A,CLV10_MEUR,B1GQ,SE	: 	: 	: 	233869.3 	243060.3 	252625.2 	256615.3 	264494.7 	275899.3 	287617.3 	301326.1 	305693.8 	312409.7 	319625.7 	333487.4 	343021.2 	359015.5 	371362.8 	369689.6 	353645.9 	374695.2 	386668.0 	384393.2 	388959.0 	399296.7 	417222.3 	425861.2 	436797.0 	445314.7 	454159.5 	444303.3 	471614.7 	484972.5 
A,CLV10_MEUR,B1GQ,SI	: 	: 	: 	: 	: 	22749.9 	23478.6 	24664.2 	25473.0 	26831.4 	27816.8 	28711.5 	29718.0 	30597.7 	31931.6 	33144.3 	35048.9 	37495.4 	38811.4 	35881.7 	36363.9 	36677.1 	35709.1 	35341.5 	36319.8 	37122.5 	38307.4 	40152.1 	41940.6 	43388.0 	41513.0 	44921.7 	47336.0 
A,CLV10_MEUR,B1GQ,SK	: 	: 	: 	: 	: 	35367.0 	37708.3 	39942.8 	41570.9 	41526.9 	42011.3 	43378.3 	45334.4 	47827.4 	50352.1 	53687.2 	58246.9 	64556.2 	68155.2 	64437.0 	68764.9 	70602.0 	71533.1 	71985.7 	73927.3 	77747.2 	79258.6 	81587.3 	84875.6 	87005.7 	84103.0 	88193.1 	89664.8 
A,CLV10_MEUR,B1GQ,TR	: 	: 	: 	: 	: 	: 	: 	: 	380954.8 	368523.6 	394074.3 	371415.0 	395362.8 	418148.3 	459109.9 	500394.5 	535161.8 	562152.7 	566734.4 	539399.9 	584855.7 	650360.2 	681502.7 	739333.7 	775854.7 	823061.5 	850412.5 	914210.5 	941452.9 	948830.2 	967237.8 	1077053.1 	1137000.4 p
A,CLV10_MEUR,B1GQ,UK	1239333.0 	1225661.7 	1230577.6 	1261216.9 	1309723.4 	1339240.6 	1372609.3 	1440900.7 	1494326.0 	1543567.0 	1597687.8 	1641310.1 	1677070.0 	1732780.3 	1772396.5 	1824783.1 	1873939.1 	1918174.8 	1912827.3 	1834134.6 	1872175.5 	1896059.0 	1923180.1 	1965223.0 	2021482.0 	2069251.0 	2104891.5 	2141523.2 	2168347.7 	2198071.7 	: 	: 	: 
A,CLV10_MEUR,B1GQ,XK	: 	: 	: 	: 	: 	: 	: 	: 	: 	: 	: 	: 	: 	: 	: 	: 	: 	: 	3657.1 	3841.2 	4031.0 	4285.7 	4359.1 	4591.9 	4745.7 	5026.5 	5306.5 	5562.6 	5752.1 	6025.7 	5703.9 	6316.9 	6538.8 p
A,CLV_I10,B1GQ,AL	: 	: 	: 	: 	: 	46.358 	49.667 	44.241 	48.147 	54.354 	58.129 	62.950 	65.806 	69.444 	73.274 	77.323 	81.888 	86.787 	93.296 d	96.426 	100.000 	102.545 	103.999 	105.041 d	106.905 	109.277 	112.899 	117.192 	121.902 	124.447 	120.114 p	: 	: 
A,CLV_I10,B1GQ,AT	: 	: 	: 	: 	: 	74.106 	75.847 	77.435 	80.208 	83.060 	85.864 	86.952 	88.388 	89.220 	91.661 	93.718 	96.955 	100.569 	102.037 	98.196 	100.000 	102.923 	103.623 	103.650 	104.335 	105.393 	107.490 	109.918 	112.584 	114.292 	106.916 	111.788 	117.297 
A,CLV_I10,B1GQ,BA	: 	: 	: 	: 	: 	: 	: 	: 	: 	: 	70.379 	72.085 	75.709 	78.637 	83.611 	86.869 	91.572 	96.938 	102.213 	99.142 	100.000 	100.960 	100.130 	102.483 	103.665 	108.138 	111.644 	115.266 	119.680 	123.133 	119.421 	128.248 	133.246 
A,CLV_I10,B1GQ,BE	: 	: 	: 	: 	: 	73.277 	74.245 	77.062 	78.574 	81.357 	84.381 	85.309 	86.765 	87.666 	90.796 	92.905 	95.276 	98.779 	99.220 	97.215 	100.000 	101.695 	102.446 	102.917 	104.541 	106.675 	108.027 	109.776 	111.745 	114.272 	108.144 p	114.942 p	118.675 p
A,CLV_I10,B1GQ,BG	: 	: 	: 	: 	: 	71.120 	74.823 	64.261 	66.696 	61.096 	63.899 	66.342 	70.238 	73.916 	78.728 	84.284 	90.017 	96.007 	101.892 	98.482 	100.000 	102.101 	102.872 	102.295 	103.284 	106.825 	110.072 	113.113 	116.150 	120.840 	116.056 	124.917 	129.116 p
A,CLV_I10,B1GQ,CH	73.947 	73.270 	73.238 	73.146 	74.074 	74.431 	74.781 	76.472 	78.789 	80.100 	83.270 	84.583 	84.521 	84.493 	86.776 	89.162 	92.794 	96.428 	99.136 	96.858 	100.000 	101.813 	103.014 	104.860 	107.324 	109.089 	111.346 	112.863 	116.092 	117.417 	114.628 	119.467 	121.927 
A,CLV_I10,B1GQ,CY	: 	: 	: 	: 	: 	58.510 	59.241 	60.805 	64.521 	67.746 	71.787 	74.624 	77.403 	79.433 	83.426 	87.474 	91.598 	96.268 	99.778 	97.767 	100.000 	100.417 	96.955 	90.568 	88.960 	92.001 	98.049 	103.670 	109.520 	115.583 	110.536 	117.865 	124.504 p
A,CLV_I10,B1GQ,CZ	: 	: 	: 	: 	: 	67.015 	69.874 	69.512 	69.264 	70.223 	73.032 	75.255 	76.436 	79.175 	82.987 	88.465 	94.452 	99.713 	102.392 	97.623 	100.000 	101.760 	100.962 	100.915 	103.198 	108.759 	111.518 	117.282 	121.059 	124.727 	117.863 	122.050 	125.054 
A,CLV_I10,B1GQ,DE	: 	79.722 	81.255 	80.461 	82.386 	83.658 	84.332 	85.843 	87.572 	89.225 	91.823 	93.367 	93.183 	92.530 	93.617 	94.302 	97.901 	100.815 	101.783 	95.988 	100.000 	103.925 	104.360 	104.817 	107.133 	108.731 	111.156 	114.135 	115.255 	116.473 p	112.167 p	115.114 p	117.201 p
A,CLV_I10,B1GQ,DK	71.158 	72.150 	73.562 	73.570 	77.493 	79.839 	82.155 	84.834 	86.715 	89.272 	92.617 	93.379 	93.814 	94.180 	96.693 	98.953 	102.825 	103.760 	103.228 	98.163 	100.000 	101.337 	101.566 	102.514 	104.174 	106.615 	110.075 	113.181 	115.433 	117.157 	114.820 	120.396 	124.994 
A,CLV_I10,B1GQ,EA	: 	: 	: 	: 	: 	78.072 	79.296 	81.322 	83.719 	86.176 	89.462 	91.277 	92.059 	92.591 	94.659 	96.164 	99.193 	102.057 	102.441 	97.893 	100.000 	101.670 	100.750 	100.497 	101.910 	104.020 	105.959 	108.732 	110.670 	112.421 	105.629 	111.207 	115.033 
A,CLV_I10,B1GQ,EA12	: 	: 	: 	: 	: 	77.918 	79.158 	81.209 	83.618 	86.075 	89.359 	91.277 	92.059 	92.591 	94.659 	96.164 	99.193 	102.053 	102.434 	97.923 	100.000 	101.660 	100.725 	100.474 	101.844 	103.863 	105.777 	108.504 	110.374 	112.068 	105.210 	110.739 	114.569 
A,CLV_I10,B1GQ,EA19	: 	: 	: 	: 	: 	77.562 	78.815 	80.885 	83.300 	85.741 	89.016 	90.948 	91.772 	92.365 	94.469 	96.039 	99.132 	102.093 	102.515 	97.907 	100.000 	101.684 	100.796 	100.562 	101.959 	104.020 	105.959 	108.732 	110.670 	112.421 	105.629 	111.207 	115.033 
A,CLV_I10,B1GQ,EA20	: 	: 	: 	: 	: 	77.518 	78.781 	80.859 	83.272 	85.701 	88.971 	90.905 	91.745 	92.355 	94.465 	96.046 	99.146 	102.116 	102.546 	97.923 	100.000 	101.676 	100.781 	100.546 	101.935 	103.997 	105.943 	108.720 	110.662 	112.423 	105.617 	111.231 	115.072 
A,CLV_I10,B1GQ,EE	: 	: 	: 	: 	: 	52.799 	55.409 	62.640 	65.359 	65.081 	71.646 	75.948 	81.090 	87.253 	93.190 	102.068 	112.035 	120.526 	114.341 	97.614 	100.000 	107.263 	110.726 	112.341 	115.724 	117.868 	121.587 	128.630 	133.497 	138.490 	137.727 	148.763 	146.848 
A,CLV_I10,B1GQ,EL	: 	: 	: 	: 	: 	70.245 	72.255 	75.495 	78.436 	80.846 	84.015 	87.486 	90.918 	96.186 	101.054 	101.660 	107.406 	110.922 	110.550 	105.796 	100.000 b	89.851 	83.483 	81.383 	81.770 	81.610 	81.212 	82.099 	83.469 	85.042 	77.384 p	83.911 p	88.874 p
A,CLV_I10,B1GQ,ES	: 	: 	: 	: 	: 	66.371 	68.137 	70.660 	73.764 	77.076 	81.120 	84.310 	86.613 	89.195 	91.981 	95.340 	99.251 	102.829 	103.741 	99.837 	100.000 	99.186 	96.251 	94.900 	96.225 	99.918 	102.954 	106.017 	108.439 	110.591 	98.066 p	103.478 p	109.120 p
A,CLV_I10,B1GQ,EU15	: 	: 	: 	: 	: 	76.473 	77.810 	80.126 	82.629 	85.142 	88.365 	90.321 	91.351 	92.402 	94.539 	96.331 	99.339 	102.083 	102.297 	97.833 	100.000 	101.641 	101.117 	101.358 	103.046 	105.254 	107.207 	109.817 	111.638 	113.336 	: 	: 	: 
A,CLV_I10,B1GQ,EU27_2020	: 	: 	: 	: 	: 	76.123 	77.464 	79.524 	81.913 	84.329 	87.588 	89.457 	90.399 	91.177 	93.482 	95.237 	98.533 	101.619 	102.269 	97.870 	100.000 	101.868 	101.128 	101.036 	102.641 	104.985 	107.060 	110.095 	112.369 	114.401 	107.987 	113.826 	117.835 
A,CLV_I10,B1GQ,EU28	: 	: 	: 	: 	: 	75.345 	76.749 	79.046 	81.514 	83.967 	87.159 	89.115 	90.236 	91.415 	93.688 	95.623 	98.804 	101.765 	102.253 	97.884 	100.000 	101.782 	101.359 	101.628 	103.442 	105.817 	107.861 	110.727 	112.877 	114.843 	: 	: 	: 
A,CLV_I10,B1GQ,FI	66.757 	62.827 	60.757 	60.355 	62.747 	65.393 	67.791 	72.085 	76.019 	79.348 	83.929 	86.120 	87.590 	89.345 	92.912 	95.494 	99.340 	104.605 	105.425 	96.912 	100.000 	102.548 	101.115 	100.203 	99.837 	100.380 	103.202 	106.497 	107.710 	109.030 	106.462 	109.705 	111.991 
A,CLV_I10,B1GQ,FR	71.674 	72.425 	73.583 	73.121 	74.845 	76.422 	77.502 	79.313 	82.159 	84.970 	88.304 	90.055 	91.078 	91.828 	94.426 	95.997 	98.348 	100.733 	100.990 	98.088 	100.000 	102.193 	102.513 	103.104 	104.089 	105.248 	106.401 	108.839 	110.869 	112.912 	104.398 	111.116 p	113.844 p
A,CLV_I10,B1GQ,HR	: 	: 	: 	: 	: 	65.986 	69.973 	74.296 	75.968 	75.330 	77.559 	79.973 	84.630 	89.365 	93.103 	97.114 	101.890 	106.945 	109.086 	101.239 	100.000 	99.913 	97.584 	97.196 	96.778 	99.219 	102.751 	106.257 	109.233 	112.970 	103.332 	116.853 p	124.123 p
A,CLV_I10,B1GQ,HU	: 	: 	: 	: 	: 	70.112 	70.170 	72.375 	75.198 	77.507 	80.979 	84.278 	88.274 	91.870 	96.468 	100.611 	104.581 	104.871 	105.924 	98.935 	100.000 	101.867 	100.593 	102.406 	106.741 	110.698 	113.134 	117.967 	124.293 	130.339 	124.427 	133.386 	139.492 p
A,CLV_I10,B1GQ,IE	: 	: 	: 	: 	: 	48.244 	51.804 	57.514 	62.556 	69.143 	75.644 	79.658 	84.357 	86.900 	92.799 	98.125 	103.020 	108.490 	103.625 	98.345 	100.000 	100.834 	100.828 	101.963 	110.782 	137.781 	140.545 	153.202 	166.266 	175.313 	186.155 	211.450 	236.760 
A,CLV_I10,B1GQ,IS	: 	: 	: 	: 	: 	59.659 	62.384 	65.984 	70.843 	73.701 	77.375 	80.481 	80.931 	82.665 	89.115 	94.573 	100.547 	109.048 	111.457 	102.915 	100.000 	101.846 	102.929 	107.615 	109.431 	114.286 	121.490 	126.586 	132.775 	135.172 	125.383 	130.816 	139.247 
A,CLV_I10,B1GQ,IT	: 	: 	: 	: 	: 	87.540 	88.649 	90.272 	91.906 	93.400 	96.938 	98.829 	99.080 	99.217 	100.630 	101.453 	103.270 	104.805 	103.797 	98.316 	100.000 	100.707 	97.705 	95.907 	95.902 	96.649 	97.899 	99.531 	100.453 	100.938 	91.875 	98.294 	101.906 
A,CLV_I10,B1GQ,LT	: 	: 	: 	: 	: 	52.072 	54.758 	59.309 	63.742 	63.015 	65.343 	69.608 	74.307 	82.158 	87.556 	94.326 	101.319 	112.574 	115.517 	98.376 	100.000 	106.039 	110.115 	114.024 	118.057 	120.447 	123.481 	128.769 	133.912 	140.105 	140.074 	148.452 	151.254 
A,CLV_I10,B1GQ,LU	: 	: 	: 	: 	: 	56.661 	57.454 	60.567 	64.610 	69.892 	74.741 	77.039 	79.524 	81.607 	85.060 	87.172 	92.417 	99.902 	99.602 	96.376 	100.000 	101.044 	102.711 	105.969 	108.749 	111.217 	116.754 	118.292 	119.734 	122.512 	121.535 	127.736 	129.714 p
A,CLV_I10,B1GQ,LV	: 	: 	: 	: 	: 	53.711 	55.101 	59.970 	63.770 	65.528 	69.247 	73.626 	78.845 	85.485 	92.567 	102.491 	114.761 	126.170 	122.071 	104.663 	100.000 	102.574 	109.797 	112.002 	114.132 	118.567 	121.375 	125.396 	130.401 	133.752 	130.678 	136.267 	140.032 
A,CLV_I10,B1GQ,ME	: 	: 	: 	: 	: 	: 	: 	: 	: 	: 	: 	: 	: 	: 	: 	: 	90.222 	96.366 	103.326 	97.338 	100.000 	103.228 	100.417 	103.980 	105.835 	109.423 	112.651 	117.964 	123.954 	128.990 	109.245 	123.495 	131.021 p
A,CLV_I10,B1GQ,MK	: 	: 	: 	: 	: 	: 	: 	: 	: 	: 	74.600 	72.312 	73.392 	75.023 	78.530 	82.239 	86.464 	92.061 	97.099 	96.750 	100.000 	102.340 	101.873 	104.853 	108.659 	112.848 	116.063 	117.318 	120.697 	125.417 	119.537 	124.236 p	126.903 e
A,CLV_I10,B1GQ,MT	: 	: 	: 	: 	: 	: 	: 	: 	: 	: 	78.690 	77.765 	79.760 	83.010 	83.126 	85.939 	88.096 	92.302 	95.834 	94.748 	100.000 	100.467 	104.604 	110.329 	118.751 	130.161 	134.562 	149.188 	158.741 	169.607 	155.028 	173.153 	185.414 
A,CLV_I10,B1GQ,NL	: 	: 	: 	: 	: 	70.627 	73.098 	76.262 	79.819 	83.837 	87.355 	89.387 	89.582 	89.721 	91.502 	93.378 	96.610 	100.255 	102.431 	98.675 	100.000 	101.551 	100.505 	100.374 	101.803 	103.797 	106.072 	109.160 	111.737 	113.922 	109.495 	114.820 p	119.962 p
A,CLV_I10,B1GQ,NO	59.504 	61.339 	63.531 	65.339 	68.642 	71.495 	75.089 	79.058 	81.167 	82.849 	85.599 	87.368 	88.572 	89.409 	92.998 	95.495 	97.846 	100.697 	101.182 	99.219 	100.000 	101.106 	103.854 	104.909 	107.058 	109.046 	110.316 	113.034 	113.971 	115.252 	113.779 	118.214 	122.089 
A,CLV_I10,B1GQ,PL	: 	: 	: 	: 	: 	53.090 	56.336 	59.970 	62.752 	65.674 	68.669 	69.533 	70.949 	73.431 	77.090 	79.793 	84.685 	90.665 	94.473 	97.149 	100.000 	105.042 	106.665 	107.579 	111.707 	116.603 	120.047 	126.217 	133.721 	139.672 	136.850 	146.341 	153.855 
A,CLV_I10,B1GQ,PT	: 	: 	: 	: 	: 	76.116 	78.783 	82.250 	86.205 	89.572 	92.991 	94.798 	95.529 	94.640 	96.333 	97.086 	98.664 	101.137 	101.460 	98.292 	100.000 	98.304 	94.315 	93.445 	94.185 	95.873 	97.809 	101.239 	104.124 	106.917 	98.042 	103.437 p	110.355 p
A,CLV_I10,B1GQ,RO	: 	: 	: 	: 	: 	66.867 	69.480 	66.111 	64.769 	64.525 	66.113 	69.563 	73.530 	75.251 	83.099 	86.978 	93.961 	100.758 	110.136 	104.060 	100.000 	104.517 	106.529 	106.817 	111.218 	114.733 	118.012 	127.685 	135.383 	140.599 	135.429 	143.274 p	150.071 p
A,CLV_I10,B1GQ,RS	: 	: 	: 	: 	: 	55.870 	59.369 	63.648 	65.775 	59.576 	63.229 	67.578 	71.890 	75.045 	81.820 	86.345 	90.755 	96.599 	102.062 	99.274 	100.000 	102.036 	101.341 	104.272 	102.615 	104.468 	107.956 	110.224 	115.179 	120.168 	119.083 	128.073 	130.957 p
A,CLV_I10,B1GQ,SE	: 	: 	: 	62.416 	64.869 	67.422 	68.486 	70.589 	73.633 	76.760 	80.419 	81.585 	83.377 	85.303 	89.002 	91.547 	95.815 	99.111 	98.664 	94.382 	100.000 	103.195 	102.588 	103.807 	106.566 	111.350 	113.655 	116.574 	118.847 	121.208 	118.577 	125.866 	129.431 
A,CLV_I10,B1GQ,SI	: 	: 	: 	: 	: 	62.562 	64.566 	67.826 	70.050 	73.786 	76.495 	78.956 	81.724 	84.143 	87.811 	91.146 	96.384 	103.112 	106.731 	98.674 	100.000 	100.861 	98.199 	97.188 	99.879 	102.086 	105.345 	110.417 	115.336 	119.316 	114.160 	123.534 	130.173 
A,CLV_I10,B1GQ,SK	: 	: 	: 	: 	: 	51.432 	54.836 	58.086 	60.454 	60.390 	61.094 	63.082 	65.927 	69.552 	73.224 	78.073 	84.704 	93.880 	99.113 	93.706 	100.000 	102.671 	104.025 	104.684 	107.507 	113.062 	115.260 	118.647 	123.429 	126.526 	122.305 	128.253 	130.393 
A,CLV_I10,B1GQ,TR	: 	: 	: 	: 	: 	: 	: 	: 	65.137 	63.011 	67.380 	63.505 	67.600 	71.496 	78.500 	85.559 	91.503 	96.118 	96.902 	92.228 	100.000 	111.200 	116.525 	126.413 	132.657 	140.729 	145.406 	156.314 	160.972 	162.233 	165.381 	184.157 	194.407 p
A,CLV_I10,B1GQ,UK	66.197 	65.467 	65.730 	67.366 	69.957 	71.534 	73.316 	76.964 	79.818 	82.448 	85.339 	87.669 	89.579 	92.554 	94.670 	97.469 	100.094 	102.457 	102.171 	97.968 	100.000 	101.276 	102.724 	104.970 	107.975 	110.527 	112.430 	114.387 	115.820 	117.407 	: 	: 	: 
A,CLV_I10,B1GQ,XK	: 	: 	: 	: 	: 	: 	: 	: 	: 	: 	: 	: 	: 	: 	: 	: 	: 	: 	90.725 	95.293 	100.000 	106.320 	108.140 	113.916 	117.731 	124.696 	131.644 	137.996 	142.697 	149.485 	141.502 	156.707 	162.213 p
A,CP_MEUR,B1GQ,AL	: 	: 	: 	: 	: 	: 	2520.6 	1967.5 	2281.8 	3018.5 	3780.4 	4385.8 	4612.4 	4928.6 	5777.8 	6475.3 	7090.8 	7809.8 	8800.3 	8662.2 	8996.6 	9268.3 	9585.8 	9625.4 	9968.6 	10264.1 	10719.9 	11559.0 	12828.1 	13754.2 	13310.4 	15157.4 p	17939.7 e
A,CP_MEUR,B1GQ,AT	: 	: 	: 	: 	: 	184351.3 	186968.1 	187853.7 	195011.9 	203850.6 	213606.5 	220525.1 	226735.2 	231862.5 	242348.3 	254075.0 	267824.5 	283978.0 	293761.9 	288044.0 	295896.6 	310128.7 	318653.0 	323910.2 	333146.1 	344269.2 	357608.0 	369361.9 	385274.1 	397169.5 	381042.5 	406148.7 	446933.3 
A,CP_MEUR,B1GQ,BA	: 	: 	: 	: 	: 	: 	: 	: 	: 	: 	6043.3 	6482.2 	7149.1 	7530.3 	8179.7 	9024.5 	10255.1 	11528.5 	13047.8 	12679.3 	12968.9 	13411.8 	13407.5 	13691.8 	13988.3 	14791.1 	15474.3 	16260.5 	17354.2 	18296.5 	17755.9 	19995.1 	23317.3 
A,CP_MEUR,B1GQ,BE	: 	: 	: 	: 	: 	220251.5 	219965.3 	223032.7 	231015.7 	242307.6 	256376.4 	264334.9 	273255.9 	281200.2 	296819.7 	310037.6 	325151.5 	343618.9 	351743.1 	346472.8 	363140.1 	375967.8 	386174.7 	392880.0 	403003.3 	416701.4 	430085.3 	445050.1 	460050.8 	478676.1 	459827.4 p	502521.1 p	549456.2 p
A,CP_MEUR,B1GQ,BG	: 	: 	: 	: 	: 	14512.8 	9829.8 	10064.7 	13437.6 	12804.4 	14440.0 	15905.3 	17478.3 	18798.3 	21093.2 	24039.9 	27410.0 	32464.7 	37246.7 	37417.7 	38284.9 	41478.9 	42256.8 	42050.2 	43026.0 	45812.3 	48773.1 	52531.3 	56224.8 	61558.5 	61638.9 	71077.0 	84560.6 p
A,CP_MEUR,B1GQ,CH	209510.1 	217548.7 	216539.5 	232492.3 	254234.7 	269928.4 	268109.3 	260234.9 	271242.2 	279613.7 	302676.7 	320183.3 	328614.3 	320540.7 	325343.7 	336400.1 	352038.6 	358607.9 	387052.9 	399363.6 	452470.6 	515770.5 	534012.8 	531729.1 	548014.5 	625532.7 	621765.1 	615776.3 	614304.4 	644443.2 	648913.3 	676775.2 	767616.2 
A,CP_MEUR,B1GQ,CY	: 	: 	: 	: 	: 	7596.0 	7890.1 	8414.3 	9152.6 	9839.7 	10804.6 	11602.9 	12082.9 	12871.3 	13938.0 	15039.3 	16263.8 	17591.0 	19009.6 	18675.5 	19461.1 	19858.1 	19495.4 	18040.3 	17482.8 	17944.2 	19013.8 	20312.4 	21674.0 	23176.5 	21896.5 	24019.0 	27006.4 p
A,CP_MEUR,B1GQ,CZ	: 	: 	: 	: 	: 	46008.4 	53088.1 	54857.3 	59824.8 	61082.9 	67032.5 	75705.2 	87358.2 	88659.5 	96554.1 	110321.7 	124581.2 	139002.1 	162064.5 	149586.5 	157920.8 	165202.2 	162587.5 	159461.5 	157821.3 	169558.2 	177438.5 	194132.9 	210970.5 	225613.5 	215805.4 	238249.5 	276605.9 
A,CP_MEUR,B1GQ,DE	1245386.0 	1512391.8 	1647737.1 	1768471.4 	1859310.3 	1977604.1 	1967956.2 	1952617.8 	2000815.9 	2059480.0 	2109090.0 	2172540.0 	2198120.0 	2211570.0 	2262520.0 	2288310.0 	2385080.0 	2499550.0 	2546490.0 	2445730.0 	2564400.0 	2693560.0 	2745310.0 	2811350.0 	2927430.0 	3026180.0 	3134740.0 	3267160.0 	3365450.0 	3473260.0 p	3405430.0 p	3601750.0 p	3869900.0 p
A,CP_MEUR,B1GQ,DK	108898.0 	112605.4 	118194.2 	122269.6 	131678.0 	141441.4 	147843.4 	153152.1 	158146.4 	166972.1 	178018.1 	184045.6 	189794.9 	193353.4 	202422.2 	212832.4 	225531.3 	233383.3 	241613.5 	231278.0 	243165.4 	247879.9 	254578.0 	258742.7 	265757.0 	273017.6 	283109.7 	294808.2 	302328.7 	309526.4 	311759.7 	336718.8 	376087.2 
A,CP_MEUR,B1GQ,EA	: 	: 	: 	: 	: 	5583866.7 	5811978.9 	5936633.6 	6178493.4 	6456826.3 	6795366.5 	7258441.5 	7499460.4 	7710378.5 	8032439.1 	8309692.0 	8739457.7 	9238908.5 	9480256.4 	9212374.5 	9472824.1 	9746636.6 	9781904.3 	9878312.8 	10132878.0 	10523091.6 	10817293.9 	11224152.9 	11599277.5 	11986303.2 	11464350.2 	12320890.2 	13332098.1 
A,CP_MEUR,B1GQ,EA12	: 	: 	: 	: 	: 	5686647.9 	5924822.0 	6060716.6 	6305231.3 	6594256.3 	6935773.0 	7258441.5 	7499460.4 	7710378.5 	8032439.1 	8309692.0 	8739457.7 	9203835.0 	9417115.1 	9087088.9 	9341418.3 	9594332.3 	9627225.3 	9722470.2 	9948981.2 	10293622.9 	10580021.4 	10971128.3 	11328274.3 	11698619.2 	11181250.9 	12008113.2 	12977493.6 
A,CP_MEUR,B1GQ,EA19	: 	: 	: 	: 	: 	5741001.0 	5984797.6 	6129357.2 	6379579.6 	6671446.6 	7022525.6 	7351795.0 	7600741.8 	7820334.2 	8153458.1 	8444524.1 	8893188.0 	9386833.2 	9620164.2 	9272325.4 	9533536.5 	9797619.8 	9837412.0 	9936143.7 	10169459.3 	10523091.6 	10817293.9 	11224152.9 	11599277.5 	11986303.2 	11464350.2 	12320890.2 	13332098.1 
A,CP_MEUR,B1GQ,EA20	: 	: 	: 	: 	: 	5758525.6 	6003971.7 	6150634.8 	6402511.3 	6693629.5 	7046150.5 	7377726.6 	7629503.0 	7851360.0 	8187276.1 	8481369.3 	8933767.3 	9431168.6 	9668629.4 	9317911.6 	9579300.2 	9843169.7 	9882033.2 	9980580.7 	10213448.4 	10568349.5 	10864632.6 	11274138.8 	11652024.7 	12041947.6 	11514801.2 	12379181.1 	13399037.1 
A,CP_MEUR,B1GQ,EE	: 	: 	: 	: 	: 	2988.1 	3770.0 	4553.7 	5067.5 	5406.9 	6171.6 	6987.1 	7822.6 	8744.4 	9777.5 	11343.3 	13568.9 	16401.3 	16618.1 	14131.9 	14741.1 	16677.3 	17916.7 	18910.8 	20048.2 	20631.4 	21747.9 	23833.6 	25932.2 	27764.7 	27465.0 	31444.9 	36181.4 
A,CP_MEUR,B1GQ,EL	: 	: 	: 	: 	: 	104662.1 	114908.2 	126353.8 	129057.3 	139945.1 	142976.0 	152193.8 	163460.8 	178904.9 	193715.8 	199242.3 	217861.6 	232694.6 	241990.4 	237534.2 	224124.0 b	203308.2 	188380.6 	179884.4 	177236.0 	176368.9 	174494.2 	176903.4 	179557.7 	183351.2 	165405.9 p	181674.6 p	208030.2 p
A,CP_MEUR,B1GQ,ES	: 	: 	: 	: 	: 	470155.7 	506362.6 	520831.0 	553338.4 	595723.0 	647851.0 	700993.0 	749552.0 	802266.0 	859437.0 	927357.0 	1003823.0 	1075539.0 	1109541.0 	1069323.0 	1072709.0 	1063763.0 	1031104.0 	1020677.0 	1032608.0 	1078092.0 	1114420.0 	1162492.0 	1203859.0 	1245513.0 	1117989.0 p	1206842.0 p	1327108.0 p
A,CP_MEUR,B1GQ,EU15	: 	: 	: 	: 	: 	7058227.7 	7417286.8 	7825279.7 	8179125.5 	8596733.2 	9197031.6 	9543579.1 	9861582.0 	10015364.3 	10486308.5 	10875500.1 	11459639.7 	12055398.6 	12009464.2 	11371071.0 	11831454.4 	12167926.1 	12422869.3 	12519401.6 	12964652.3 	13666851.7 	13763516.8 	14105751.9 	14522173.4 	15011630.2 	: 	: 	: 
A,CP_MEUR,B1GQ,EU27_2020	: 	: 	: 	: 	: 	6337710.4 	6636498.9 	6819195.7 	7110871.8 	7430927.0 	7869362.7 	8241897.8 	8538773.3 	8767565.2 	9167938.8 	9560869.1 	10112450.9 	10738858.8 	11085411.7 	10587691.4 	10980484.9 	11328290.6 	11396449.5 	11516210.9 	11782085.3 	12215145.8 	12548705.7 	13074833.0 	13533353.2 	14018753.2 	13469061.4 	14537731.5 	15810286.6 
A,CP_MEUR,B1GQ,EU28	: 	: 	: 	: 	: 	7363520.3 	7751349.0 	8193961.0 	8585151.5 	9009322.1 	9667452.9 	10072465.2 	10427472.9 	10582892.0 	11109204.0 	11598070.0 	12269784.5 	12998093.9 	13081266.2 	12325757.9 	12852660.3 	13241159.8 	13507478.4 	13612548.9 	14093165.5 	14859862.3 	14982824.9 	15434622.8 	15954250.4 	16545368.3 	: 	: 	: 
A,CP_MEUR,B1GQ,FI	111394.9 	103292.1 	86806.9 	76101.5 	87157.1 	102643.6 	104142.2 	112033.4 	119733.4 	126916.0 	136442.0 	144628.0 	148486.0 	151749.0 	158758.0 	164687.0 	172897.0 	187072.0 	194265.0 	181747.0 	188143.0 	197998.0 	201037.0 	204321.0 	206897.0 	211385.0 	217518.0 	226301.0 	233462.0 	239858.0 	238038.0 	250594.0 	266679.0 
A,CP_MEUR,B1GQ,FR	999521.7 	1026930.1 	1083285.9 	1129359.6 	1175736.5 	1224717.2 	1265105.4 	1282409.5 	1343327.3 	1400999.0 	1478585.0 	1538200.0 	1587829.0 	1630666.0 	1704019.0 	1765905.0 	1848151.0 	1941360.0 	1992380.0 	1936422.0 	1995289.0 	2058369.0 	2088804.0 	2117189.0 	2149765.0 	2198432.0 	2234129.0 	2297242.0 	2363306.0 	2437635.0 	2317832.0 	2502118.0 p	2639092.0 p
A,CP_MEUR,B1GQ,HR	: 	: 	: 	: 	: 	17524.7 	19174.1 	21277.6 	22931.7 	22183.0 	23624.9 	25931.7 	28761.2 	31025.7 	33818.0 	36845.2 	40579.3 	44335.5 	48465.2 	45586.2 	45763.6 	45549.9 	44621.2 	44437.1 	43989.1 	45257.9 	47338.7 	49985.9 	52747.2 	55644.4 	50450.9 	58290.9 p	66939.0 p
A,CP_MEUR,B1GQ,HU	: 	: 	: 	: 	: 	35469.4 	36758.4 	41741.4 	43408.6 	46040.1 	51238.5 	60012.9 	71756.1 	75427.8 	83883.3 	91090.4 	92126.7 	102414.6 	108345.4 	94605.6 	99771.6 	102152.0 	100247.6 	102239.7 	106263.8 	112791.0 	116255.7 	127024.7 	136055.4 	146554.5 	137866.0 	154120.1 	170246.8 p
A,CP_MEUR,B1GQ,IE	: 	: 	: 	: 	: 	52881.3 	59701.5 	73118.8 	80565.7 	92790.5 	108495.3 	122089.2 	135997.6 	145576.4 	156260.3 	170306.8 	184916.2 	197069.4 	187283.0 	169519.7 	167391.4 	171703.2 	175615.4 	179457.6 	195085.2 	262975.9 	270205.3 	297763.2 	326631.3 	356704.6 	372836.4 	426283.4 	502583.5 
A,CP_MEUR,B1GQ,IS	: 	: 	: 	: 	: 	5441.5 	5833.1 	6672.3 	7571.0 	8418.2 	9776.3 	9177.3 	9911.1 	10118.1 	11136.3 	13568.0 	13966.7 	15827.4 	11052.1 	9419.1 	10383.4 	10934.3 	11479.9 	12132.9 	13472.6 	15795.3 	18804.2 	21917.7 	22238.3 	22027.5 	18880.6 	21611.1 	26479.3 
A,CP_MEUR,B1GQ,IT	: 	: 	: 	: 	: 	898299.3 	1033759.7 	1096302.0 	1134534.9 	1175149.5 	1241512.9 	1304136.8 	1350258.9 	1394693.2 	1452319.0 	1493635.3 	1552686.8 	1614839.8 	1637699.4 	1577255.9 	1611279.4 	1648755.8 	1624358.7 	1612751.3 	1627405.6 	1655355.0 	1695786.8 	1736592.8 	1771391.2 	1796648.5 	1661019.9 	1787675.4 	1909153.6 
A,CP_MEUR,B1GQ,LI	: 	: 	: 	: 	: 	: 	: 	: 	: 	: 	: 	: 	: 	: 	: 	: 	: 	: 	: 	: 	: 	: 	: 	4812.4 	5021.7 	5649.1 	5637.7 	5734.6 	5666.3 	5750.1 	5617.9 p	6075.3 e	: 
A,CP_MEUR,B1GQ,LT	: 	: 	: 	: 	: 	5121.7 	6601.8 	8922.8 	10025.7 	10292.3 	12475.7 	13664.6 	15153.3 	16650.2 	18219.4 	20979.9 	24053.3 	29011.2 	32660.1 	26897.0 	28033.8 	31317.2 	33410.2 	35039.5 	36581.3 	37345.7 	38889.9 	42276.3 	45515.2 	48916.4 	49829.3 	56153.5 	66791.1 
A,CP_MEUR,B1GQ,LU	: 	: 	: 	: 	: 	15946.2 	16462.1 	17266.5 	18005.7 	20547.8 	22986.0 	23879.9 	25011.1 	26227.3 	28189.4 	30281.0 	34175.0 	37641.9 	40009.6 	39050.7 	42402.7 	44323.5 	46526.2 	49094.5 	51791.3 	54142.3 	56208.1 	58168.8 	60121.2 	62373.6 	64781.0 	72295.0 	78130.1 p
A,CP_MEUR,B1GQ,LV	: 	: 	: 	: 	: 	4137.4 	4703.6 	5751.2 	6402.4 	7046.7 	8632.3 	9374.4 	10168.7 	10499.6 	11724.0 	13791.9 	17363.1 	22791.5 	24531.5 	18922.0 	17937.5 	19666.0 	22097.5 	22791.3 	23625.8 	24572.1 	25371.3 	26984.4 	29153.6 	30678.6 	30265.1 	33616.5 	39062.5 
A,CP_MEUR,B1GQ,ME	: 	: 	: 	: 	: 	: 	: 	: 	: 	: 	: 	: 	: 	: 	: 	: 	2169.6 	2689.1 	3103.3 	2993.9 	3125.1 	3264.8 	3181.5 	3362.5 	3457.9 	3654.5 	3954.2 	4299.1 	4663.1 	4950.7 	4185.6 	4955.1 	5796.8 p
A,CP_MEUR,B1GQ,MK	: 	: 	: 	: 	: 	: 	: 	: 	: 	: 	4094.6 	4143.5 	4240.5 	4385.9 	4577.7 	5032.0 	5472.2 	6094.5 	6772.1 	6766.5 	7108.3 	7544.2 	7584.8 	8149.6 	8562.0 	9072.3 	9656.5 	10038.3 	10744.0 	11262.0 	10851.7 	11688.2 p	12897.8 e
A,CP_MEUR,B1GQ,MT	: 	: 	: 	: 	: 	2846.6 	3010.6 	3346.8 	3581.8 	3861.0 	4412.4 	4565.5 	4740.9 	4823.5 	4910.4 	5152.1 	5403.0 	5790.3 	6206.0 	6259.6 	6815.8 	6924.6 	7364.5 	7944.3 	8751.1 	9996.7 	10541.1 	11936.6 	12977.2 	14186.4 	13180.9 	15011.5 	16922.6 
A,CP_MEUR,B1GQ,NL	: 	: 	: 	: 	: 	346000.8 	354929.1 	367861.6 	391460.9 	419459.0 	452007.0 	481881.0 	501137.0 	512810.0 	529286.0 	550883.0 	584546.0 	619170.0 	647198.0 	624842.0 	639187.0 	650359.0 	652966.0 	660463.0 	671560.0 	690008.0 	708337.0 	738146.0 	773987.0 	813055.0 	796530.0 	855470.0 p	941186.0 p
A,CP_MEUR,B1GQ,NO	94339.9 	98551.5 	101108.3 	102942.5 	107143.6 	116241.0 	128671.9 	142336.6 	137455.3 	152395.0 	186016.3 	194660.8 	208313.8 	202928.2 	213642.4 	249342.9 	276477.7 	294414.5 	318851.0 	279533.4 	325493.9 	360552.4 	399069.2 	395856.8 	378456.4 	349756.7 	335396.5 	356288.5 	372657.6 	365130.5 	322823.8 	414394.9 	551408.9 
A,CP_MEUR,B1GQ,PL	: 	: 	: 	: 	: 	108834.6 	126200.8 	140649.2 	155011.6 	159561.4 	186737.9 	212834.1 	210560.0 	192552.1 	206126.0 	246216.8 	274501.7 	313848.3 	366040.5 	317040.6 	359067.8 	377042.4 	385389.4 	388356.4 	406412.5 	429834.6 	424735.3 	465772.6 	499004.1 	532504.7 	526147.2 	576382.6 	656905.5 
A,CP_MEUR,B1GQ,PT	: 	: 	: 	: 	: 	91015.8 	96626.8 	103306.6 	110683.7 	119603.3 	128414.4 	135775.0 	142554.3 	146067.9 	152248.4 	158552.7 	166260.5 	175483.4 	179102.8 	175416.4 	179610.8 	176096.2 	168295.6 	170492.3 	173053.7 	179713.2 	186489.8 	195947.2 	205184.1 	214374.6 	200518.9 	214741.0 p	239241.7 p
A,CP_MEUR,B1GQ,RO	: 	: 	: 	: 	: 	28589.8 	29035.4 	31450.5 	37063.3 	33726.8 	40594.9 	45143.6 	48695.7 	51108.5 	60402.0 	79223.9 	97215.6 	127632.0 	146590.6 	125213.9 	128278.9 	138520.7 	139319.8 	142928.9 	150522.4 	160287.8 	167494.3 	186399.0 	206071.9 	224178.6 	220486.6 	241268.4 p	285884.8 p
A,CP_MEUR,B1GQ,RS	: 	: 	: 	: 	: 	26495.1 	18591.6 	23418.0 	18612.2 	19267.2 	28502.4 	14584.5 	18165.8 	19882.0 	20995.0 	22253.8 	25930.7 	31557.9 	35712.5 	32486.2 	31545.8 	35431.7 	33679.3 	36426.7 	35467.5 	35740.2 	36779.3 	39235.3 	42892.2 	46005.4 	46815.3 	53329.3 	60367.9 p
A,CP_MEUR,B1GQ,SE	: 	: 	: 	181713.6 	192863.0 	204328.5 	229771.3 	236645.7 	241468.1 	257109.7 	285150.3 	270524.5 	283627.1 	296305.5 	310182.0 	315774.8 	337317.2 	358945.1 	354881.1 	314637.5 	374695.2 	412844.7 	430037.1 	441850.7 	438833.9 	455494.7 	466266.5 	480025.5 	470673.1 	476869.5 	480556.4 	540734.0 	560958.6 
A,CP_MEUR,B1GQ,SI	: 	: 	: 	: 	: 	16340.4 	16946.1 	18320.7 	19784.6 	21227.5 	21866.8 	23249.1 	24972.4 	26247.5 	27692.0 	29122.3 	31476.1 	35073.5 	37925.7 	36254.9 	36363.9 	37058.6 	36253.3 	36454.3 	37634.3 	38852.6 	40443.2 	43011.3 	45876.3 	48533.1 	47020.6 	52208.1 	58988.5 
A,CP_MEUR,B1GQ,SK	: 	: 	: 	: 	: 	15322.9 	17053.2 	19331.1 	20333.8 	19516.1 	22389.1 	23909.8 	26340.7 	30119.1 	34757.7 	39403.4 	45602.0 	56339.3 	66098.1 	64095.5 	68764.9 	71785.8 	73649.3 	74492.8 	76354.5 	80126.0 	81265.2 	84669.9 	89874.7 	94428.3 	93441.9 	100323.5 	109651.9 
A,CP_MEUR,B1GQ,TR	: 	: 	: 	: 	: 	: 	: 	: 	244959.8 	240103.4 	298354.6 	224298.1 	251517.4 	278583.9 	327979.7 	405626.3 	439887.8 	496901.4 	525994.8 	465245.5 	584855.7 	600961.4 	683587.3 	719726.6 	707000.8 	777042.3 	785618.9 	760497.1 	658544.4 	678180.0 	626742.2 	689546.5 	862010.8 p
A,CP_MEUR,B1GQ,UK	862468.3 	924332.0 	911231.6 	907362.9 	960427.9 	1025809.9 	1114850.1 	1374765.3 	1474279.7 	1578395.1 	1798090.2 	1830567.5 	1888699.6 	1815326.8 	1941265.1 	2037200.9 	2157333.5 	2259235.2 	1995854.5 	1738066.5 	1872175.5 	1912869.3 	2111028.9 	2096338.0 	2311080.2 	2644716.5 	2434119.2 	2359789.9 	2420897.2 	2526615.2 	: 	: 	: 
A,CP_MEUR,B1GQ,XK	: 	: 	: 	: 	: 	: 	: 	: 	: 	: 	: 	: 	: 	: 	: 	: 	: 	: 	3537.6 	3610.4 	4031.0 	4555.9 	4797.3 	5071.3 	5325.1 	5674.4 	6037.3 	6356.5 	6671.5 	7056.2 	6771.6 	7957.9 	8954.9 p
